,Name
0,aabid
1,aabida
2,aachal
3,aadesh
4,aadil
5,aadish
6,aaditya
7,aaenab
8,aafreen
9,aafrin
10,aaftaab
11,aaftab
12,aagand
13,aahim
14,aajad
15,aajiv
16,aakanksha
17,aakar
18,aakas
19,aakash
20,aakib
21,aalam
22,aalina
23,aaliya
24,aamil
25,aamin
26,aamina
27,aamir
28,aamod
29,aamosh
30,aamrin
31,aanad
32,aanamika
33,aanand
34,aanchal
35,aanik
36,aanil
37,aansi
38,aansu
39,aanya
40,aaradhana
41,aarati
42,aarav
43,aardhna
44,aarif
45,aarifa
46,aarifun
47,aarju
48,aarti
49,aarushi
50,aas
51,aasa
52,aash
53,aasha
54,aashi
55,aashia
56,aashif
57,aashik
58,aashis
59,aashish
60,aashiya
61,aashma
62,aashu
63,aasif
64,aasim
65,aasish
66,aasma
67,aasmin
68,aastha
69,aasto
70,aasu
71,aatam
72,aatif
73,aatikun
74,aatir
75,aavesh
76,aayana
77,aayesha
78,aaysha
79,aayush
80,aazad
81,aazadi
82,abash
83,abbal
84,abbas
85,abdul
86,abdulla
87,abdullah
88,abha
89,abhaki
90,abhash
91,abhay
92,abhaysingh
93,abhi
94,abhijeet
95,abhijit
96,abhilash
97,abhilasha
98,abhimanu
99,abhimanyu
100,abhinandan
101,abhinash
102,abhinav
103,abhinay
104,abhinwav
105,abhiraj
106,abhisek
107,abhisekh
108,abhishak
109,abhishek
110,abhishekh
111,abhishiek
112,abhishik
113,abid
114,abida
115,abishak
116,abishek
117,abrar
118,abu
119,abul
120,achin
121,adalat
122,adan
123,adarsh
124,adersen
125,adesh
126,adhish
127,adi
128,adiba
129,adil
130,adisan
131,aditi
132,aditiya
133,aditya
134,adityalok
135,adnan
136,adrash
137,aejaz
138,aesha
139,afarin
140,affan
141,afjal
142,afridi
143,afrin
144,afrina
145,afroz
146,afsana
147,afsar
148,afsari
149,afsha
150,afshana
151,afshar
152,aftab
153,afzaj
154,afzal
155,agrej
156,agyapad
157,ahamad
158,ahmad
159,ahmed
160,ahsamin
161,ahsan
162,ahupendra
163,aidtya
164,aijay
165,aisha
166,aishe
167,aishwarya
168,ajab
169,ajad
170,ajahar
171,ajaj
172,ajara
173,ajay
174,ajaypal
175,ajeem
176,ajeet
177,ajim
178,ajima
179,ajit
180,ajju
181,ajkati
182,ajmal
183,ajman
184,ajmer
185,ajmeri
186,ajmit
187,ajnabi
188,ajnoor
189,ajra
190,akaash
191,akansh
192,akansha
193,akash
194,akashya
195,akbar
196,akbari
197,akeel
198,akhalak
199,akhatari
200,akheelesh
201,akhil
202,akhilesh
203,akhileshwer
204,akhlaq
205,akhlesh
206,akhlish
207,akhtar
208,akhtari
209,akib
210,akif
211,akil
212,akilesh
213,akkash
214,akkni
215,akram
216,akshat
217,akshay
218,akshit
219,akshita
220,akshpaat
221,akthari
222,aktri
223,al0k
224,alahbasri
225,alam
226,alapna
227,alaudin
228,albaksha
229,albina
230,aleesha
231,alema
232,alhamdi
233,ali
234,alijan
235,alim
236,alima
237,alina
238,alis
239,alish
240,alisha
241,alita
242,aliya
243,alka
244,alkesh
245,allabaksh
246,allaraji
247,allauddin
248,alma
249,almina
250,alok
251,alseepa
252,altab
253,altaf
254,altmash
255,aluddin
256,aman
257,amana
258,amandeep
259,amanjeet
260,amar
261,amarapal
262,amarchand
263,amardeep
264,amarendra
265,amarin
266,amarjeet
267,amarjit
268,amarmula
269,amarnath
270,amart
271,amarvesh
272,amasi
273,amba
274,amber
275,ambika
276,ambiya
277,ameen
278,ameer
279,ameera
280,amena
281,amida
282,amie
283,amijan
284,amil
285,amin
286,amina
287,amir
288,amiraka
289,amiri
290,amirul
291,amisha
292,amit
293,"amit,"
294,amita
295,amjad
296,amjat
297,amkit
298,amlesh
299,ammar
300,amna
301,amol
302,amot
303,amrat
304,amratalal
305,amreek
306,amreen
307,amreeta
308,amri
309,amrik
310,amrika
311,amrin
312,amrish
313,amrit
314,amrita
315,amritha
316,amritpal
317,amrjeet
318,amrooti
319,amrta
320,amrudin
321,amuchla
322,amuda
323,amzad
324,anadi
325,anaji
326,anam
327,anamika
328,anamol
329,anand
330,anandi
331,anandu
332,anandwati
333,anantram
334,anara
335,anarkali
336,anaro
337,anash
338,anayatha
339,anchal
340,andhav
341,aneeta
342,anekha
343,angad
344,angan
345,angda
346,angreg
347,anguri
348,anikesh
349,aniket
350,anikt
351,anil
352,animesh
353,anirudh
354,anish
355,anisha
356,anita
357,anja
358,anjal
359,anjali
360,anjaly
361,anjan
362,anjana
363,anjani
364,anjara
365,anjeev
366,anjila
367,anjli
368,anjna
369,anjrej
370,anju
371,anjum
372,anjuman
373,ankaj
374,ankala
375,ankeet
376,ankesh
377,ankit
378,ankita
379,ankur
380,ankus
381,ankush
382,anli
383,anmol
384,annat
385,annavi
386,annielal
387,anno
388,annu
389,anoj
390,anokha
391,anooj
392,anoop
393,anoopama
394,anoura
395,ansal
396,ansar
397,ansh
398,anshika
399,anshiya
400,anshu
401,anshul
402,anshum
403,anshuman
404,ansu
405,ansul
406,anta
407,antim
408,antima
409,anu
410,anubhav
411,anuj
412,anuja
413,anup
414,anupam
415,anupama
416,anupuma
417,anuradha
418,anurag
419,anuraj
420,anurudh
421,anushka
422,anuska
423,anusoya
424,anuu
425,anwar
426,anwari
427,any
428,anzum
429,aoosaf
430,aparna
431,aphasana
432,aphsana
433,apsana
434,arab
435,araddhna
436,aradhana
437,arajun
438,araslan
439,arati
440,aravind
441,arbaj
442,arbana
443,arbaz
444,archan
445,archana
446,archita
447,archna
448,areen
449,arham
450,arhiyant
451,ariba
452,arif
453,arifa
454,arindom
455,arindra
456,arjina
457,arjun
458,armaan
459,arman
460,armita
461,arnab
462,arnabjit
463,arpit
464,arpna
465,arsad
466,arsh
467,arshad
468,arshi
469,arshla
470,arsi
471,arthi
472,arti
473,aru
474,arun
475,aruna
476,aruni
477,arunkumar
478,arvind
479,arvinder
480,aryan
481,arzoo
482,asagar
483,asana
484,asanti
485,asarfi
486,asfak
487,asfaq
488,asgar
489,asgari
490,asha
491,ashad
492,ashak
493,ashanjali
494,asharam
495,asharani
496,ashfaq
497,ashif
498,ashik
499,ashima
500,ashiqu
501,ashish
502,ashishi
503,ashiya
504,ashlam
505,ashma
506,ashman
507,ashmi
508,ashmin
509,ashnu
510,asho
511,ashok
512,ashra
513,ashrabi
514,ashraf
515,ashrfi
516,ashshwer
517,ashsish
518,ashtha
519,ashu
520,ashutosh
521,ashwani
522,ashwini
523,asi
524,asif
525,asish
526,asiwani
527,asiya
528,aslam
529,asma
530,asman
531,asmat
532,asmin
533,asmina
534,asmit
535,asmita
536,asrani
537,asrf
538,asruddin
539,astha
540,asutosh
541,aswani
542,aswin
543,atanu
544,ateek
545,atif
546,atiq
547,atish
548,atitaj
549,atta
550,attar
551,atu
552,atul
553,avadh
554,avantika
555,avastha
556,avdesh
557,avdhesh
558,avfesh
559,avi
560,avid
561,avinas
562,avinash
563,avinsh
564,avneet
565,avnish
566,avnit
567,avtar
568,awdesh
569,awdhesh
570,awedhesh
571,awshin
572,axat
573,ayan
574,ayasha
575,aysha
576,ayub
577,ayube
578,ayush
579,ayushi
580,azad
581,azam
582,azaruddin
583,azaz
584,azhar
585,azim
586,azmira
587,azruddin
588,baam
589,babali
590,babalu
591,baban
592,babar
593,babbi
594,babbu
595,babby
596,babita
597,babli
598,babloo
599,bablu
600,babram
601,babu
602,babudden
603,babuddin
604,babul
605,babulal
606,babupuri
607,baburam
608,baby
609,baccha
610,bacche
611,bacchu
612,bachan
613,bachcha
614,bachheshwar
615,bachhu
616,bachu
617,bada
618,badal
619,badami
620,badan
621,badarjahan
622,badnath
623,badrealam
624,badri
625,badru
626,badrudeen
627,badrulla
628,badrunisha
629,badshya
630,baga
631,bagaram
632,bagdai
633,bagga
634,baggusingh
635,bagwan
636,bahadur
637,bahalen
638,bahart
639,bahnu
640,bahrat
641,bahwana
642,baichan
643,baidnath
644,baijnath
645,baita
646,bajinder
647,bajrang
648,bajrangi
649,bajulal
650,bake
651,bakhtvaar
652,bakila
653,baksi
654,bal
655,bala
656,balak
657,balalia
658,balam
659,balaram
660,balbeer
661,balbir
662,balbiri
663,balchand
664,baldev
665,baleshwar
666,baleshwer
